X,Y
15.733403022201209,-0.025437010319693695
18.4959268169155,-0.3463046237792265
5.629237734545306,-0.6083242807882443
0.8523630147596606,0.7528378560904225
-7.453580200856255,-0.9209045943738153
12.061220643615101,-0.4839386854498796
5.4510087043577435,-0.739398558422771
10.31726755779248,-0.778636320035402
5.7078134038023975,-0.5441468515183577
-0.11460025905221016,-0.11434957866377955
-7.225059547868886,-0.8086620860867014
3.2791518095840964,-0.13712573858630756
18.918029245094232,0.06841982880551258
-2.3391453741707267,-0.7190589770034055
-3.8248381108728715,0.6313132870981779
7.257810092230137,0.827491271264828
-8.65622683986945,-0.6950943425453205
-2.350535389942028,-0.7110970253261734
-4.901543133483264,0.9821636295184728
8.387020805358965,0.861266685732711
18.160868759597648,-0.6355241128417997
2.7149343322633825,0.41383100906396175
-6.121288640717978,0.16119035980888907
-2.467049964799198,-0.6245402253566374
-17.320330749561975,0.9991360439755487
5.039273550074874,-0.9470472842723378
11.674923181605209,-0.777981964785276
-2.138247432305704,-0.8432737039718947
-3.252887930357616,0.11106565662927816
-6.1465571823790945,0.13620344294145428
-11.79427111277585,0.6976409578584871
-17.45991452697883,0.9836362696497595
18.37203989638678,-0.45957448011044194
-7.265775730613244,-0.8319375066974265
-4.2931960035769166,0.913417715077877
10.200699975980932,-0.700374484895614
11.136144884942468,-0.9901362120836622
-15.892008671080449,0.18300814199263404
-2.184199753358591,-0.8176935621633847
19.94712224257612,0.8901008145957049
15.160368047065475,0.5206355864000524
-15.37721289640395,-0.32475282035579744
0.2397526084733741,0.23746231837111192
-18.717576919550673,0.13159619044512796
19.728656877230385,0.7701657403797237
2.8259617791493667,0.3104162426674484
-2.320952984080673,-0.7315820762178593
-12.855348735989388,-0.28497286728518534
-18.904848600466902,-0.05526450903125102
-10.684975638212117,0.9521507760923984
-3.991700569220381,0.7513516232628955
8.899525540448906,0.5014314140504882
-9.913958221222439,0.4699024469904758
18.637556848613592,-0.2104146371322384
9.39668553008131,0.028088735814633416
18.367903684032157,-0.4632440708515261
14.65244877659925,0.8701538739572526
8.362206637247603,0.8736096453661972
-12.103464302443129,0.4465504364147554
7.74707967836062,0.9942914255299149
19.880596793961217,0.8578343854247127
-1.4309416595083846,-0.9902362659345937
11.229003813180896,-0.9728788158269505
-17.746293197794493,0.8926825726611751
-12.186789378858197,0.37053154512047654
-8.38384540666613,-0.8628759299549686
-16.32954914548581,0.5823251409046645
19.410520084477213,0.5320028428737453
19.187627400747814,0.3316683511434294
-3.878969554725348,0.6723485180442638
13.934195031887533,0.9794718233944801
-0.8689649343406742,-0.7636610898933734
-16.53954105503206,0.7389952624176608
11.925498557266877,-0.5978946874894522
4.756078096289791,-0.9990457823695569
-0.8227807679182995,-0.733040099275397
-10.276744357632017,0.7525767405976442
-1.1495285335251495,-0.9125712506890084
-19.591211088958033,-0.6755092765362665
18.615418664369358,-0.2320038691854186
1.652717609756639,0.9966463278965961
-7.861431199831541,-0.9999722521125959
6.410777617307666,0.1272463956549336
-8.23854666397812,-0.9269617019497591
-11.917962456248393,0.6039183999742768
-17.914765933539574,0.8044743513736051
-10.360114649157763,0.8047989642728586
-5.486885724384486,0.7147730798849329
-5.978908661849264,0.2996031270591401
14.058409933397272,0.9969002695777324
8.216917901483903,0.9348584192862686
5.455011241001806,-0.7366978631746777
-16.263615190143007,0.5274972571476729
13.92439671721376,0.9774496820865968
-7.381214170998117,-0.890311529575599
11.78597645562158,-0.7035595773447005
-9.509397291499901,0.08451838173084505
19.33442027583171,0.4660883528010004
-17.74159436869704,0.8947904063697151
5.485317606692121,-0.71586887384727
17.597907101881958,-0.9495032388718895
-15.71649524395359,0.008531872491349688
18.071593439522303,-0.7018294612596486
13.401685290077985,0.7415076783418697
-14.70136877698116,-0.8450156810705809
5.65944662800667,-0.5840739231146493
19.03342967998006,0.18283939344633432
-13.238127302799398,-0.6223619586210856
-14.87341014495906,-0.7409965038433094
-5.728178598764547,0.5269490016763398
7.726997917934305,0.9919483959106838
12.189928674282633,-0.36761388407741336
-17.954506443011216,0.7802400299652992
12.63456785962201,0.06814439486588139
18.25320696313787,-0.5616253820589654
-1.6316828806466397,-0.9981469863395852
8.935164133228312,0.4702851204379973
-17.2685813985979,0.9999482026087749
-8.329235380188162,-0.8891766450955642
6.709436969470417,0.41346077129031805
10.057254906379754,-0.591144388808407
4.744163318442144,-0.9994952381903028
14.109265479451501,0.9996107794688214
-1.6870178313437911,-0.993253879638372
-16.51407914003969,0.7216036175430318
-17.52106437694637,0.9707875426714665
18.198654356713405,-0.6059038808360879
-18.561922476119392,0.28368369003978466
-8.59969321910318,-0.734605281656939
-10.020116419358573,0.5607890163616318
2.1138466666808995,0.8561364039700926
2.0261325361565454,0.8981132260691049
2.9971511751827897,0.14393974678748866
-10.453091636311234,0.8564296190442062
-3.7724409123460525,0.5898299623118396
-10.876838311976776,0.9929591618323351
8.559737082647636,0.7611217781850724
18.13639093734045,-0.6542307056210102
5.926577348734096,-0.3490976118240422
-18.407588569916026,0.4277186042773815
0.13663860526234473,0.1362138257272303
1.5491462692642344,0.999765646658613
18.05034070515525,-0.7168091060401188
19.9261137696288,0.8803302013661749
0.004076950980941518,0.00407693968675754
-14.908767095420021,-0.716795827211872
-15.719653950678708,0.011690416433274727
-17.845889659991943,0.843446214639147
-14.152909445591071,-0.9998760893360855
12.694271281533851,0.12755224005531587
-1.4866716224901175,-0.9964636033808523
-13.543477070372386,-0.8288821267929962
-4.0921355899334255,0.8137312017743472
-6.67935107229836,-0.38588392428527835
-17.128062528160406,0.9886666693932123
1.3397227629756792,0.9734210855372003
15.901350950222316,-0.19218452324480273
8.163410164900103,0.9525077459477549
18.53763878028647,-0.30688383268705366
-14.093969350095975,-0.9990671291408209
-13.557038357028581,-0.8363921758217366
-6.835205995859885,-0.5244088472963482
15.075298739189208,0.5912956765509536
6.2650560984239405,-0.01812821568953351
-9.307869062529491,-0.11664276773507552
19.52203627545706,0.6229282299831034
15.893252429618428,-0.18423075332099137
3.266099903349314,-0.12418581263019537
11.248850672224773,-0.9680966321381254
-7.721812387571681,-0.9912783525770134
16.78484889231072,-0.8804856384839542
16.323395443795583,-0.5773114581493262
12.492534602709512,-0.07376894060751618
-11.83531847182358,0.6676532954305714
18.841734958070603,-0.007820883736976064
-1.5249152008567037,-0.9989476457680412
-7.552645358628599,-0.9549407399372767
-17.482509251793235,0.9793147479054873
13.47765165703742,0.7902893261580959
-15.155215149003052,-0.5250280910657151
2.5261525410426984,0.5773179386377477
13.957924914647634,0.9839791098255453
13.695335825112956,0.9039702022594084
10.8520657888177,-0.9897203158171795
1.222744558204095,0.9400389739597915
-17.55776194598845,0.9613306658632176
11.744226509740226,-0.73260690164229
-3.036876501084972,-0.10452488038763756
10.803947100969438,-0.9816956265468595
-2.487139772024616,-0.6087252610374696
-8.878293591148786,-0.5196868438815968
-3.4789500525805934,0.33099460618367493
2.708557725590545,0.4196275239455651
11.26909622842064,-0.9628255086300297
6.594344345824545,0.30616222270332344
15.00984381305755,0.6427782287298585
-15.882063282666623,0.17322182780960244
-7.0515609900249565,-0.694968206180427
-14.02206362096399,-0.9933829233623059
-4.0463898804753775,0.7862998887570632
14.339383452960902,0.9796238177888396
17.584438522489023,-0.9536428553805841
7.437355809772569,0.9144595953714284
-18.37523568445029,0.4567338333529327
-0.8625239832272449,-0.7594868884598673
17.031892567593772,-0.9696827751447384
4.319108215389317,-0.9236567756634922
-9.06235744929742,-0.3545385480963242
7.650528261120222,0.9793746559055879
4.319885040768753,-0.9239541925619867
-3.4673689202359803,0.3200443192281504
6.286176903711876,0.0029915920700015032
-16.5757871436961,0.7629239056991285
-2.304733437554553,-0.7425430941050624
18.236383327447932,-0.5754649831418551
11.157926079577333,-0.986849870296063
-6.807533917545111,-0.5006492353331683
15.73971227516401,-0.031743673653511814
0.5762646755273302,0.5448956614625651
-4.158611798490375,0.8505441604961703
17.1266428802342,-0.9884525452250994
14.742592383264103,0.8222600478650035
-16.22606376422178,0.49523081666877766
18.465421189358352,-0.37475706740015013
13.309817047384747,0.6768289844604982
-0.14088145372839733,-0.1404158899032383
17.385638810813163,-0.9942938515472066
-15.511478481941978,-0.195222966691346
-8.484528754695386,-0.8077050540856396
-12.459091886414422,0.10707307275044933
1.4977988503317938,0.9973368671013202
-0.25862215701267033,-0.2557487746316503
11.62486304263917,-0.8084463301178987
-7.945550454023946,-0.9958105041824721
-3.27798300039888,0.13596787698160737
16.338400402258678,-0.5894979181893186
-15.466830946430594,-0.23880234069720352
-5.570068649917207,0.6541941554352256
16.275547679373673,-0.5375967899404932
0.931419531011656,0.8024677768171159
3.6359892280787562,-0.47450056924992856
-1.3524279646954227,-0.9762522218592334
1.6609339717611817,0.9959403522474309
3.962521107615352,-0.731778925528465
15.193299018304401,0.4922426201894463
-8.830046779941071,-0.5602861120556987
-16.169415163045933,0.4452486128151433
-12.975691112425025,-0.39798605063590864
9.375427293378259,0.049330637667621316
18.055708598443367,-0.7130559287949224
-13.981089692535384,-0.9878446517815506
-3.1027388265448153,-0.03884405203124035
-16.936617607031184,0.9420381780900087
-11.389842194958849,0.9232780322230713
12.271277405686234,-0.29082903111851105
9.56399955437201,-0.13877228198010924
15.136333960477529,0.5410030474110911
-8.986886902353643,-0.42403045086320085
-15.876439970063071,0.1676808141674126
-5.637009990141797,0.6021372186300558
-12.350507702294124,0.21419039348290667
-8.130265683082634,-0.9620757247072185
19.75316007212649,0.7855621930454161
-13.385438237845637,-0.7305094249863427
-5.068994689941677,0.9370871511196083
-16.34970235517438,0.5985894520593534
-11.29191729103782,0.9564108149378305
13.412757070472964,0.7488906272771285
0.9229616709984896,0.797392368096264
5.7780537542267325,-0.4839225679235721
1.8552801549456746,0.9598066503695694
12.095272275229036,-0.45386525635090164
-6.548124350095797,-0.26185043843852357
-7.090782712292253,-0.7226285000949105
10.00858884227332,-0.5512076096964565
0.35503354981536717,0.3476218229067358
3.2101231216439174,-0.06847683928101977
-19.293367020616785,-0.4293844616785112
1.927693754345917,0.9369852738080059
-13.061518077746346,-0.4751614092721504
8.187978385647195,0.944739671419201
15.235595126890303,0.4549963729620966
4.300086280213392,-0.9162005143774109
2.855077766603692,0.28261090707631603
-6.973464793026679,-0.636752709704276
4.4522948395177195,-0.9663657720661957
17.263501726090112,-0.9998836009802645
8.265136083835046,0.9166600372873361
-14.78848149506252,-0.7952875607861875
7.305187208720959,0.8531540408964104
8.758671933777205,0.6179291063327292
-5.673046632488745,0.5729811190272779
-18.001463346801767,0.7500201706975317
10.686617242327099,-0.9526512142332703
13.186543518225193,0.5811758745829911
-6.644844264866251,-0.35382636103848714
-12.678842758673362,-0.11223516579569241
-14.146689780407451,-0.9999546581089291
6.78857963307798,0.48415250666158166
-6.321023022475334,-0.03782868727858423
-9.492283569370684,0.06745434969140325
-4.633471264440473,0.9968876128886511
15.406425878928161,0.29698858067178524
-11.96735245534844,0.5638318530276514
15.451422385885635,0.25373616360471957
-2.8844938135349274,-0.25427582204122734
9.848412849930472,-0.411076729095154
-4.9922705805425025,0.9610881520395834
-2.2046875227112928,-0.8057289190926736
14.607100582905204,0.8915983389731663
11.185321130185034,-0.9820520146719914
2.1657978598946173,0.8281476395228019
-10.824523486041603,0.9854064457389318
-14.68745055034081,-0.8523762488755253
-15.821104897296978,0.11290039560208373
-14.445760048870294,-0.9527618118872234
-4.086012660364865,0.8101570705830806
-9.614753828010496,0.1888351964500793
-12.93148347568808,-0.3570547186523827
9.742398820853289,-0.31230730860250383
-5.808936738657575,0.45667007557976547
16.30005923456484,-0.5581014234930732
-5.814560005264102,0.45166022061609346
4.747246851317627,-0.9993925259311006
-3.682016591692573,0.5144995608321735
-12.235416601875592,0.3249454170014646
19.611246891637208,0.6901461356030582
4.747887489284082,-0.9993699940953157
14.38273324442659,0.969999808978256
18.731879651902936,-0.11740486658595678
6.624452882085233,0.3346818360624925
19.15581746671669,0.30149625695588056
9.377962663924983,0.04679819808889152
-6.424041053867459,-0.140390437505976
-9.15645838425593,-0.2651115176000338
18.283042351057986,-0.536693546606338
15.666478424539058,0.04147294525157225
-4.536733007704603,0.9846121168674975
5.297501000699157,-0.8336502231077706
-14.948371455134634,-0.6886255189545374
17.592631642950764,-0.9511452320469199
-16.714338471685842,0.8448983987661146
-9.664420855639628,0.23735574150456146
-8.753313488319163,-0.6221332059539605
5.189563119090543,-0.8882963033980502
-13.446353814534064,-0.7707281747624146
-19.359192739056827,-0.48786024917783655
12.408567295255743,-0.15714920065692609
9.807110746611517,-0.3730858339083878
16.88708046796566,-0.9242693717338429
10.842692833363799,-0.9883363746266867
17.64523612189879,-0.9335956977733785
14.500867030406695,0.9345869740320694
7.998967756876183,0.9895079109127689
9.484057971662388,-0.05924529748399157
3.795651633587852,-0.6084126997657991
6.159299313057886,-0.12356934221888531
-3.577971834932761,0.42266073842199536
12.516153134892647,-0.05019637576084877
-5.8782084402359445,0.39399749861780264
3.258226494646369,-0.11636958370108935
10.551874978935665,-0.9031697945715434
9.246916503999518,0.17692517337699007
-16.431020590212352,0.6616800990799292
-3.651456123100264,0.4880580860984625
-8.439291172995604,-0.8335411186926832
10.748759609037002,-0.9696955661010891
2.843826149888958,0.2933857308206354
18.84905136296755,-0.0005045585498006051
10.712141621128353,-0.9601011412664491
17.708052289896806,-0.9092603770207052
19.870811529842996,0.8527644927149333
-8.728291030917337,-0.6415267731541903
6.821845926388271,0.5129867322995051
-13.100445143370113,-0.5090446675446234
-15.026239971917361,-0.6301320776571755
-3.4001885052678134,0.2557233440377367
4.118467976334344,-0.8287528033195356
-12.665477935146573,-0.0989451574525676
-7.818479232083742,-0.9993698559213772
-7.58123116932663,-0.9630336164158088
-17.006188453292246,0.9630819072368648
-9.447814308175438,0.02303430999769588
-14.555914705302984,-0.9135988365319995
19.252806214212875,0.39240999785449693
10.857364366216899,-0.9904642027153501
19.63667406370252,0.7083219433097798
2.4355272303198205,0.6488449002517895
7.717192511858492,0.990658946914669
5.631198554903758,-0.6067668316032262
-13.242394485269461,-0.6256963321812268
9.23882835257114,0.18487985477228872
5.300384962677214,-0.8320539671310767
-14.182705319548266,-0.9989633072181359
11.799228946518227,-0.6940803705349288
13.47690139411165,0.7898293922793368
1.8765554280463803,0.9536187248446583
-12.039901877192456,0.5024833970457099
15.17545983062827,0.5076917382315096
-4.914591014663312,0.9796267253698818
17.44260803817822,-0.986606847118719
11.202565788980063,-0.9786536389849047
7.128350706129638,0.7480808824006859
0.16875528281226337,0.16795544402557427
12.19405623855421,-0.36377221742332894
3.8862825191372963,-0.6777438017704178
7.039730936235408,0.6864134873003496
-12.560010341018533,0.006360230458622549
8.067952450470873,0.9771954504060647
2.6642160835710555,0.4594506200669248
14.234313878867475,0.9952849462010838
-11.535698067233128,0.8576450352105437
12.237287664749829,-0.32317532375868685
-9.0199116623379,-0.393895871417253
-18.64807208131541,0.20012337375794345
-15.473829022698848,-0.23200093944571357
3.3663650075429494,-0.22288444832771168
13.798268368123786,0.9431214052841302
-11.0704041676326,0.9972015507191112
-9.976390357104211,0.524061156303044
17.282024950874593,-0.9999946687294068
-9.504927066308056,0.08006332173564375
-2.9263063667530496,-0.21362711503543852
-1.180782988308163,-0.9249039886369042
-5.949135318222819,0.3278718214248407
0.6100647156386252,0.5729205029457499
8.415774126309689,0.8463016032077952
1.7652527192890624,0.9811528575329111
-14.82468121302135,-0.7728258890457428
18.72191014984533,-0.12729942245673967
5.407477044454808,-0.767997303865656
-10.171950844891256,0.6795674695340559
0.3331524217529136,0.32702373778812077
-17.368322134297365,0.9959919560224494
-7.810919120152491,-0.9990729532230401
-13.597067375080192,-0.8576574866103747
12.0177741169216,-0.5214901941725892
15.48207707238943,0.2239701326203652
19.81935810867421,0.8247738736807314
8.988548593727085,0.42252495877961005
18.920771848775686,0.07115574476556706
12.031172990655811,-0.5100110389440388
5.104478306131263,-0.9241127042472294
19.12626386142692,0.27319030448227827
16.37541262784911,-0.6189847222388681
4.85319201480992,-0.9901036190223681
10.744239988156885,-0.9685814483485126
9.030834702511797,0.3838326051338773
16.14971552746468,-0.42752417006099314
3.3781366295148594,-0.23434424611296173
3.8365827328022633,-0.640377819802046
13.05058512686331,0.4655133145866217
16.336909959396515,-0.588293328998606
15.748294784517618,-0.040320583373845184
-10.263862004605846,0.7440314409983702
8.732052214895425,0.6386370356263237
7.511218723682877,0.9418296734433627
14.809051725734442,0.7826498495321355
4.998326176719424,-0.9593977315100145
-3.2670466742328585,0.12512519874277758
-9.793391631749216,0.36032257242770366
-18.896574597550643,-0.04700135345760515
13.460338579455225,0.7795631085345898
17.534571636284205,-0.967458142916798
6.594936019557377,0.30672543025903654
19.932431936866962,0.8833097050775168
15.207398970306699,0.4799206800163172
15.055190596654967,0.6073913553576213
12.384390087254388,-0.1809777501318885
-16.527066163832743,0.7305335121442303
-13.32664757093109,-0.6891221667828822
0.9338089837765366,0.8038912602298417
-12.358051708751052,0.2068154437727581
-3.714785276933906,0.5423171666842684
-4.9375303194042,0.9747625636979844
17.02073748195022,-0.9668965638611281
-11.406515287149816,0.9167453256133916
-16.05153832842594,0.336855358748911
-11.685856810165841,0.7710661480787343
-13.938281977952105,-0.9802874921480305
-1.776897567068616,-0.9788362145415995
8.787854644282646,0.594724823943144
-0.8516198962110195,-0.752348523166465
19.742054118894423,0.7786417165044303
3.0185074012066693,0.12277469788246805
-19.785724620749477,-0.8052925235962798
13.485818914098438,0.7952672678350489
11.612957684336585,-0.8153960072505391
-0.7219461672882517,-0.6608465620335688
5.353227078665199,-0.8015949677708384
-6.315264450286762,-0.03207364143535853
-2.1835527912474753,-0.8180658171750456
3.935662813880917,-0.7132121438419954
12.760723245249025,0.19313139444743962
5.036758873040451,-0.9478517370871777
10.126856881078016,-0.6458063399235815
-14.47671870026825,-0.94290405336385
4.541386084596066,-0.9854145990220953
10.425340675699381,-0.8417748877409897
16.88730494498055,-0.9243550405079223
9.415031660070305,0.009746146399010752
-19.60055896069261,-0.6823723295900831
0.766879852085431,0.6938918662352679
-14.308608600799172,-0.9853398394178302
17.165345390699464,-0.9935755000034077
0.2773622212185174,0.27381963843713675
-15.74254005210042,0.03456989482784834
-3.349789554454617,0.20669607523632053
-8.633701150820583,-0.7111107680751932
-0.0096032296188433,-0.009603082014653012
-0.13497272058840437,-0.1345632797520083
3.384385083249338,-0.2404140891105671
10.316860233542357,-0.7783806694691348
-15.61345822221651,-0.09436443456996384
-8.640444813808852,-0.706353299962856
-13.683658355154158,-0.898915449175028
-4.28361657547649,0.9094768131963992
-16.277993367725614,0.5396573895208249
-15.805420282374874,0.097302815335511
-18.86223104273316,-0.012674781802384244
-18.416981576274956,0.41920941016373947
-10.00560518115092,0.5487156881607506
-5.201896895051018,0.8825643398704348
9.862736834962163,-0.42409186710633945
18.171525811389373,-0.6272600723977384
0.46659798501649874,0.4498505417707466
-9.054446489246718,-0.3619244520582168
6.624972008800157,0.3351709802375895
-13.265274353709344,-0.6433788339060703
-4.5136894473547216,0.9803241119198658
3.5820603568190457,-0.4263625737387894
-9.956930999053153,0.5073898247058423
11.392231804400474,-0.9223574707009353
-17.64054912966534,0.9352649183979425
12.969434509421312,0.3922385443030676
-1.4878387846730377,-0.9965609960369152
16.545455512353875,-0.7429669466204576
-12.074369317222473,0.4723907547431867
2.0689718420371364,0.8784558053690436
-14.623904328241416,-0.883863629930825
1.2070716226458487,0.9345782173757591
-12.413467155747512,0.15230835445455018
4.515862544418674,-0.9807507545328307
-3.8644483331761705,0.6615288967189713
1.272754699888985,0.9559133956124671
4.811636151683075,-0.9950790407725422
19.369753447037333,0.49705154456554146
6.798723870459128,0.4930034852861675
0.5092376986182785,0.4875118107625521
15.56854306290797,0.13896896897891425
10.364230014697018,-0.8072348071568475
13.439982066102957,0.7666527075151524
0.3585191964036305,0.35088796816949364
16.270110448214695,-0.5330041814919511
17.003968987716867,-0.9624820365492948
15.29538826963288,0.4009695884370011
-19.866048655063317,-0.8502672010072396
-12.683017157387116,-0.11638219936562984
19.65556319948268,0.721528432860213
-7.6239897764885445,-0.9736682512832886
5.98891811587519,-0.2900386191916376
-18.42173662024372,0.4148876323639884
9.568925268911848,-0.14364863365483377
1.1447802201882737,0.9106193008445101
-19.393206657967447,-0.51726382685916
-3.6199436338229987,0.46031587619356484
8.333898534430606,0.8870332933555126
-18.02928669314032,0.7313294765495342
-19.26857384926255,-0.4068635372341952
-5.613574918773455,0.6206805539037684
2.6292149655095898,0.49025097921043664
-10.657608508751949,0.9434311009840753
-13.045613766450849,-0.4611077230956939
6.676446301001832,0.38320251103252817
14.623218392692166,0.884184264675936
-9.042871170262616,-0.37269056294562847
-3.704096866567671,0.5333062373924886
14.957773852129243,0.6817773412413475
11.4099506288159,-0.9153675954383259
14.426119139724008,0.9585429705861664
-19.300313433237157,-0.43564750846299716
3.717875746785957,-0.5449111046564998
-17.002300698073558,0.9620280146437644
-1.016735662967566,-0.8503950421440293
1.4155073039592772,0.9879668701344249
10.958346853624242,-0.9993071391052761
-0.8650855909226571,-0.7611507785494543
6.028020678767653,-0.25240471008707127
-0.9210863464208146,-0.7962592810017429
9.293410570364557,0.13098987322430658
-10.147012404106937,0.6610628918097843
-6.6260587352841895,-0.3361946494327333
-8.201508087430618,-0.9402180119261891
9.077513699857075,0.3403266488438048
-13.077665905465722,-0.4893072952391187
3.7382100398059457,-0.5618474567537509
3.194229909230941,-0.05261295217036205
10.818427018971228,-0.9843504120873958
16.773425203417972,-0.8750126444878343
-15.172379600599974,-0.5103430632673039
-4.868825545354355,0.9877887343190004
8.660200599696108,0.6922320524554239
-19.13388676938796,-0.2805152287381266
0.6118596007530819,0.5743906867727603
7.49777747791757,0.9372272560870932
3.603073357582879,-0.4452744083172515
2.595845070669082,0.5190572241357896
-18.145934408241278,0.6469833427663824
0.162686082456041,0.1619694025682837
8.611585055112357,0.726484982153903
-0.33141766039943477,-0.32538386908777245
-0.6373453552698685,-0.5950640603282501
-11.678607747899225,0.7756617254156764
-7.244287836356298,-0.8198233927984281
13.487745959513731,0.7964340791209911
-6.688179913882241,-0.39401380337253095
-11.13091161819828,0.9908558733921661
5.685799201458359,-0.5624832068670618
14.465103145078146,0.9467090870673655
2.7352953536281603,0.3952107799766915
-8.896756506069906,-0.5038252499534243
-14.951893185563033,-0.6860675867053889
2.3435340121100765,0.7160021824312536
-4.70225544414523,0.9999486561610128
7.319951942700772,0.8607629274357008
-13.95953539210861,-0.9842649556919773
-9.680734658983457,0.2531710548034667
-7.404156075669617,-0.9005229647771273
17.36620888128379,-0.9961787472868321
13.748885406105138,0.9255610343177267
2.3534110938380657,0.7090721980013314
-3.4394059567257713,0.2934304704855081
8.831708321423438,0.5589090859042998
10.053551237916537,-0.5881530890938229
-3.0747617165469094,-0.06678119948994868
-8.754461163378888,-0.6212342685295092
16.446816850608556,-0.6734408755534574
-5.407352756495003,0.7680768985396735
7.803255078621497,0.9987136841537188
-2.4552245503749326,-0.6337319042848826
-12.350678711289294,0.21402335014530816
10.529532675610366,-0.893353998262538
4.9427810652904185,-0.973576933620696
6.842407985187293,0.5305274474771611
17.132633141327744,-0.9893425141251467
2.533059951039345,0.5716641764051461
-11.70097925899884,0.7613490541267862
-4.54669276502063,0.98630376129288
-12.666690563024483,-0.10015176178622436
-19.63255298388741,-0.7054069096485253
-13.510532783288053,-0.8100058957929323
2.9763938500760503,0.16444843117839356
-11.854601197147625,0.6531746084848407
9.623236386676584,-0.197158250083968
-9.59309697015649,0.16752535207415592
3.210585972882228,-0.06893859672012927
12.409563067463026,-0.15616572329722325
16.69498951244882,-0.8343906149357653
18.138336057335422,-0.6527583843111503
-19.29279204915131,-0.42886512146719996
-11.22994996680221,0.9726595205017864
19.935144632461757,0.8845781377875207
-7.786513241397648,-0.9977248712271564
12.638141615246681,0.07170940043492094
16.206325329311696,-0.477987469749843
8.879068866328026,0.5190243261280724
-6.468209136141176,-0.18396995582597642
-1.2978198605339664,-0.962972711226752
-18.898019204792394,-0.04844431461131107
4.082889146294253,-0.808322077353109
-5.177165534143494,0.8939217416818752
-16.961612698030592,0.9501290442731265
-14.253739142630636,-0.9932131517305688
-2.5753228729145583,-0.5364878263694302
9.899289817022328,-0.4569042900265481
-5.3093003796952765,0.8270756306470223
17.357678515085894,-0.996887517938233
-12.657397196740487,-0.09090092918654637
-8.351127118267279,-0.8789475123792531
6.225047391904681,-0.05810516961724522
9.79164811521182,-0.3586956249494146
-2.77813544127493,-0.3555077156093253
7.447616071586559,0.9185634831808487
9.623955596680865,-0.197863292149624
-12.989815895696113,-0.41090387507262927
19.726504895166585,0.7687913296613594
7.187313377073025,0.7858862774227794
-0.06787657844288475,-0.06782446994782625
19.56928116059415,0.6591780802321183
-8.862971900669576,-0.5327155244139282
19.05791698148863,0.20685668655274986
4.088561318215646,-0.8116484937318978
17.708542713212623,-0.9090561398743535
17.22864809531214,-0.9987446815377129
0.14534297778784833,0.14483179975193763
-14.83183259706264,-0.7682677679472102
9.051691652953231,0.36449115432518964
3.7598485900706606,-0.5796148218478169
9.020555652103607,0.3933038633212696
-5.798048898417747,0.4663290325252857
-10.114733178722002,0.6365026436081299
-1.7949638233028367,-0.9749795060766757
-0.6142658072178904,-0.5763586976683602
10.110332924077486,-0.6331026882238941
-3.0965804096151004,-0.04499704561404831
-7.22205735564739,-0.8068923345218744
13.14855762404597,0.5498519766497431
2.0016043062221733,0.9086286299789559
18.51752742489792,-0.32596140410905267
-3.1525662123735962,0.010973338547647109
3.426164995782628,-0.2807470187991964
-7.653354391077865,-0.9799417711273161
14.688068638474185,0.8520528698738447
6.045713442886431,-0.2352461951911749
7.387536903162399,0.8931727827809198
4.926238256086222,-0.9772212513828509
1.455549778863503,0.9933664635636555
-12.570516210310355,-0.004145584076847592
-18.711575279997103,0.13754323044073719
-11.990581143289205,0.5444971391832529
19.04668558423709,0.1958553945998917
-13.027298492664476,-0.444779343408726
-18.13894921480405,0.6522937542830793
-14.074248082936123,-0.998021261552471
-14.190067109691382,-0.9986011123538562
15.907724535576627,-0.19843535151670988
-2.4154350661091364,-0.6640014517263808
-14.408004834966794,-0.9635470654561916
15.73990455864596,-0.031935859644767424
3.1440358166237132,-0.002443160603362121
16.45008173552928,-0.6758508190892915
-4.189426278250616,0.8663432653027399
3.840512650021214,-0.6433912793964042
12.294005137077335,-0.2690104664777743
-19.02583446608854,-0.17536701169473096
-14.452034728480406,-0.9508373322678887
2.182874106699334,0.8184559569264196
-11.67831202527414,0.7758483364951148
12.706062576714508,0.13923808422545073
-9.403191334269279,-0.02158495004100053
11.713746668796063,-0.7530095766852075
11.63760942743999,-0.8008787214097031
19.429763651990314,0.5481976837304509
-17.572158637580436,0.9572663779957039
-3.5328120559764464,0.38131596849962357
-18.36866968714141,0.46256507950612064
-2.1576310168207478,-0.832697568582849
-8.412015709979507,-0.8482977447735879
-3.695794578148753,0.5262648477950792
-4.746632751932719,0.9994137393476324
-17.717350121671398,0.9053511145315304
-6.932350837545766,-0.6045218873496625
8.962027366094478,0.4464111016819705
6.063085859220905,-0.2183266730107934
-17.529743766523346,0.9686684645137353
-18.015131970830875,0.7409097573266653
-11.501631589919302,0.8746624546018794
17.273562254823453,-0.9999864938592786
-5.636086304530039,0.6028744254272552
13.980903369193605,0.9878156717249653
-12.076188136561639,0.470786886491511
-9.090649906091732,-0.32794557084665826
-15.384505904858528,-0.31784652551481807
14.420126561510429,0.9602333225930627
-14.674459597966504,-0.8590974788630865
0.7918808024348252,0.711675809212774
-19.028611553701438,-0.17810038339148412
2.7916532383499657,0.3428408951556603
-6.50567116933788,-0.2206548928462143
0.7357688359903634,0.6711573035687204
-5.940714780072774,0.33581517300838337
16.827644721644134,-0.899961611478128
16.148789842890494,-0.42668716452748634
-4.382458796195653,0.9460649645495607
8.54116401195446,0.7730364723485149
-2.7730071091499617,-0.36029633506766107
-7.497696189706318,-0.9371989062318004
5.010732485319878,-0.9558247059557661
8.80513738271134,0.5807425972379288
-15.738588916111658,0.030620860933176983
-14.58821704713591,-0.8999898460557318
2.0408799083020526,0.8915304321628814
18.630510281784815,-0.2172981661102392
-12.794962964247185,-0.22660671651156813
-17.319680326504585,0.9991628636817004
-6.114912449123802,0.1674798527857486
19.34406045083628,0.4745955942659203
-8.571654876829765,-0.7533379206916261
15.76145294564742,-0.05346417438764879
15.421302076618062,0.2827512442452178
-6.33303054175796,-0.049824596667587095
-2.082557001603469,-0.8718836339660597
-12.323831429432502,0.24016826423255233
-2.94989450505512,-0.19052621092100477
-19.418325743421295,-0.5385959525156321
8.593814634939356,0.7385811538622483
16.82266997261226,-0.8977816471681846
-1.0796914763776044,-0.8818123489776202
8.737404335792892,0.6345094079134955
-3.25581913363909,0.11397824345732964
-10.997989867570963,0.9999970824880343
10.62856530052899,-0.9334047700675736
-2.9955557800146764,-0.14551834438051497
-1.8983408340120391,-0.9468351759927415
-2.9519124068186997,-0.18854488630220514
6.845434939490559,0.5330908646615018
8.113612848552322,0.9664847199764068
-15.322855771029626,-0.37565876255376734
-13.153590010264322,-0.5540483580119681
-15.2996824629045,-0.39703203019796024
1.1818514559084967,0.9253096927989307
-11.682280426622142,0.7733384923478308
-0.03600057185806804,-0.0359927959914074
-19.268637241822315,-0.4069214448195117
-14.589430866595023,-0.8994600660991708
6.774376706740895,0.4716767648922487
-12.009930479042943,0.5281667249821276
0.04233259832373548,0.04231995577568368
-0.6097254292459731,-0.5726423871350318
1.242144884030239,0.9464784737271362
-9.77962499950058,0.34744693757341644
-17.24483372900874,0.9994245730115674
-19.206965600602683,-0.34984878101218936
-7.057665802257356,-0.699344835697999
-11.946199359370242,0.5811745327623322
-4.343169551335926,0.9326093280497606
-19.0845693205316,-0.23285601620421137
-10.453442432602792,0.8566106697705119
0.8325874441623355,0.7396751023323058
8.380261241808647,0.8646818772716274
-7.935123784213612,-0.9967097815682221
-18.454416872759978,0.38493652663287636
-16.908837420474928,0.9323554857678823
-2.0813474497338724,-0.8724753294381529
9.73130940186661,-0.30175358292140253
5.273779912775339,-0.8465154475744033
1.5760906464603153,0.9999859851223765
5.2552266394540545,-0.8562462873968509
2.448060596343467,0.6392572911010311
-14.033253817162162,-0.9946058877266418
9.461330234816685,-0.036544135199251364
5.913438809075068,-0.36137907359888904
-0.5680034123194098,-0.5379500451513938
-1.2644210897572066,-0.9534330764069723
2.7594311618677096,0.372926902293843
10.449251838010927,-0.8544409614537976
6.882738215396852,0.5642734162024137
-2.505714673245599,-0.5938841227648969
4.8136253479305395,-0.9948799740292094
-9.911702408964498,0.4679100062056132
1.8081704028783783,0.9719588142293132
13.681182490512647,0.8978279640200458
4.57567532209762,-0.9906692345632971
14.567286695788397,0.9089158209466806
-14.443660327094218,-0.9533974354933512
-3.1378338110463524,-0.0037588336920637406
0.34603416570541157,0.33916972418316566
3.917907286253289,-0.7006546716577022
17.9101234249991,-0.8072232636368589
-10.446176947909587,0.8528393700880824
-19.32087468078803,-0.4540616551515919
-18.06113546983386,0.7092406290556869
-18.311162490003845,0.5127573610178212
0.5784026174989663,0.5466870873831134
0.9232390884364108,0.7975597480682964
18.154612237527303,-0.6403421848122107
-5.222399382700393,0.872739429424691
-12.320990657719157,0.24292491738948296
3.523704830108567,-0.37288114420007346
-8.293829079680787,-0.904816631585904
-18.068200345479568,0.7042424701092813
8.620704757048308,0.7201879605983557
5.665394938605026,-0.5792353721432971
18.443990199353657,-0.39453865390830994
9.399487878335712,0.025287386646535324
-11.25431118387616,0.9667139265372798
3.8460396120170905,-0.6476125276045185
-10.719725659679305,0.9621944087986046
-5.714230407462452,0.5387518832444824
-10.679200369704747,0.9503698192795876
3.17067903923601,-0.029082284552889342
-5.894329742668823,0.379129667629251
-9.739965264354646,0.30999455336260195
11.732561354350977,-0.7404967882800976
9.211932196122845,0.21124229779701287
6.344247438692221,0.06102419270610103
-8.006487005371085,-0.9883935771050935
-13.162903792626338,-0.5617777945059301
-14.779677399460338,-0.8005939976396653
-10.024994750537854,0.5648213844420253
-11.594750353583638,0.825800562831157
1.8635064701934638,0.9574653858365395
-4.787618847189027,0.9971715679148944
-19.10994874592147,-0.25746015359383384
-9.066457037839157,-0.3507022945339472
19.19016119125719,0.334057651870191
-12.468840931531968,0.09737513865538398
7.4919614925882385,0.9351832707206692
-10.89757137332751,0.9952015568280351
-12.642861977174036,-0.07641679371625959
-3.1793922566652064,0.037790602310024304
-17.931209397764334,0.7945988236861705
1.435569528201313,0.9908707808267692
8.142723842708186,0.9586027856397485
-7.7649160976217,-0.9960362863926207
14.3947747328748,0.9670022026130899
17.867682032524506,-0.8315397101834339
-7.6521322246463175,-0.9796974810694342
-0.6894275718392819,-0.6360955950199132
9.678537299075124,-0.2510446720251996
-19.04940350670346,-0.19851995180202264
12.753710563714698,0.18624604888852697
4.398105194117829,-0.9510180298452798
6.467425700426439,0.18319983551715685
2.579296665377239,0.5331300838698407
9.054741766495688,0.36164917663920887
-10.04271390013896,0.5793540295447281
-12.505096763175839,0.06123551642285802
-12.529859761138908,0.03650274200832827
-7.2562337310799165,-0.8266051504886368
14.41231262920062,0.9623856262718452
9.305233129618351,0.11926029933958443
10.701186807525843,-0.9569800467848573
-2.7850043530400086,-0.3490791906105408
1.230224859986393,0.9425639347947717
-10.269426701508069,0.7477379242763137
16.655354192998175,-0.8118950831644374
-14.058892721821788,-0.9969381370717599
-7.824860766286381,-0.9995760174961278
-3.8902781022025437,0.680676328731479
-1.6988396544106195,-0.9918136469699806
-16.421849848262205,0.6547762748052177
-11.097012458281966,0.9948595588302525
-6.477375194658546,-0.19297171246574307
17.590631927226887,-0.9517607297616244
0.13078986473258425,0.13041730186979628
-9.460751648477821,0.03596592924837768
-4.932708755028749,0.975827615136153
7.696118710004619,0.98756550385796
-18.71947790121032,0.12971150420968108
8.570736225117837,0.7539417389780421
19.742528311642168,0.7789391700988004
18.62186586197621,-0.22572780593312702
8.695627726747873,0.6662361704507433
-0.14256011883420427,-0.14207772519976103
-18.843893507561408,0.005662383718467933
18.614479628914744,-0.2329171805056993
3.1465842957098147,-0.004991621391012897
8.482322932845612,0.8090036113806004
5.745155547693809,-0.5124451024545256
9.623882216753564,-0.1977913624383634
-8.205564601443264,-0.9388287400664952
5.268692889389378,-0.8492126318592239
-16.24866455705968,0.5147373669345298
-6.524493608428244,-0.238973225317896
0.5696087470746036,0.5393026112198203
2.984500839245481,0.15644649671693817
-7.829442794262134,-0.9996989377804087
10.729882091096915,-0.9649109770203786
-9.375394992764473,-0.04936289892976491
-15.750362095562501,0.0423861256384195
-19.765441547301343,-0.7931023222311702
-5.383488343103856,0.7831385035123393
-19.087537726163188,-0.2357417938543442
-10.806213202811058,0.9821246995032621
-15.50627639403142,-0.20032229609755897
5.152776952172214,-0.9045863426359074
-9.612681405338455,0.18679965510374782
-15.112312756942924,-0.5610473555801639
-5.625645052769141,0.6111718192413751
17.93958146922263,-0.7894880596499184
11.418832557810141,-0.9117555020912779
9.747826588581109,-0.3174589598185403
11.046902732836301,-0.9986829845428361
-5.704677790993081,0.5467749199260349
12.082637949583912,-0.46508680562578736
16.90430515773067,-0.9307073081596918
6.994462746389086,0.652802000105736
7.561531629031482,0.9575404159090094
-12.749478452045558,-0.18208633041793865
-7.097283908335701,-0.7271070620606167
3.708129223259192,-0.5367129526563773
3.0907667614404772,0.050804012130752516
13.54298608378484,0.828607357562383
12.169511665704562,-0.38652332615283197
-15.827459954977439,0.11921249868236278
-9.209507749502915,-0.21361141053766616
15.555419874926613,0.1519524798765543
4.748291409735373,-0.9993555770087548
-19.423246531720114,-0.5427354949381891
8.86932342310461,0.527329557516981
-0.9615571325105066,-0.8200836214248564
13.869381731702603,0.9643592863575341
-16.835342071305647,0.903290724445183
-18.498280580617763,0.3440955487307957
19.22074893030745,0.36272744906156307
-10.00112821535058,0.5449674178338748
-11.376077576647305,0.9284778377461363
-12.382327975043733,0.18300542485288301
